<?xml version="1.0" encoding="UTF-8"?>
    <addon id="repository.xAmAx" name="xAmAx_Repo" version="0.1.0" provider-name="xAmAx">
        <requires>
            <import addon="xbmc.addon" version="12.0.0"/>
        </requires>
        <extension point="xbmc.addon.repository" name="xAmAx_Repo">
            <info compressed="false">https://raw.githubusercontent.com/xAmAx12/xAmAx_Repo/_repo/addons.xml</info>
            <checksum>https://raw.githubusercontent.com/xAmAx12/xAmAx_Repo/_repo/addons.xml.md5</checksum>
            <datadir zip="true">https://github.com/xAmAx12/xAmAx_Repo/raw/master/_repo</datadir>
            <hashes>false</hashes>
        </extension>
        <extension point="xbmc.addon.metadata">
            <summary>xAmAx Repository</summary>
            <description>Installer xAmAx. [CR]  -Pour Reorganiser vStream.[CR]  -Pour mettre a jour la liste des chaine LiveStream.[CR]  -Pour Changer le fond-ecran.</description>
            <platform>all</platform>
    </extension>
</addon>
