<?xml version="1.0" encoding="UTF-8" standalone="yes"?>
<addon id="plugin.video.xAmAx"
       name="xAmAx"
       version="1.2.5" 
       provider-name="xAmAx">
  <requires>
  	<import addon="xbmc.python" version="2.24.0"/>
  	<import addon="plugin.video.f4mTester" version="2.2.3" optional="true"/>
  </requires>
  <extension point="xbmc.python.pluginsource" library="default.py">
  	<provides>video</provides>
  </extension>
  <extension point="xbmc.addon.metadata">
    <summary lang="fr">xAmAx</summary>
    <description lang="fr">xAmAx est un module de modification et de visualisation de plusieurs éléments de Kodi et de ces extensions!</description>
    <summary lang="en">xAmAx</summary>
    <description lang="en">xAmAx is a modification module and viewing multiple elements of Kodi and these extensions</description>
    <platform>all</platform>
  </extension>
</addon>
