<?xml version="1.0" encoding="UTF-8" standalone="yes"?>
<addon id="plugin.video.xAmAx"
       name="xAmAx"
       version="1.1.3" 
       provider-name="xAmAx">
  <requires>
   <import addon="xbmc.python" version="2.24.0"/>
  </requires>
  <extension point="xbmc.python.pluginsource" library="default.py">
        <provides>video</provides>
  </extension>
  <extension point="xbmc.addon.metadata">
    <summary lang="fr">xAmAx</summary>
    <description lang="fr">xAmAx est un module de modification de l'ordre des listes de vStream.</description>
    <summary lang="en">xAmAx</summary>
    <description lang="en">Xamax is a modified module order lists vStream.</description>
    <platform>all</platform>
  </extension>
</addon>
