<?xml version="1.0" encoding="UTF-8" standalone="yes"?>
<addon id="repository.xAmAx"
        name="xAmAx Repository"
        version="0.0.1"
        provider-name="xAmAx">
    <extension point="xbmc.addon.repository" name="xAmAx kodi Addon Repository">
        <checksum>https://raw.githubusercontent.com/xAmAx12/xAmAx_Repo/master/addons.xml.md5</checksum>
        <info compressed="false">https://raw.githubusercontent.com/xAmAx12/xAmAx_Repo/master/addons.xml</info>
        <datadir zip="true">https://github.com/xAmAx12/xAmAx_Repo/raw/master/repo</datadir>
    </extension>

    <extension point="xbmc.addon.metadata">
        <summary lang="fr">xAmAx Repository</summary>
        <description lang="fr">Installer xAmAx</description>
        <summary lang="en">xAmAx Repository</summary>
        <description lang="en">Download and install xAmAx</description>
        <platform>all</platform>
    </extension>
</addon>
